Keywords,Mother’s Question (English),Allobaby Response (English),Allobaby Response (English) Voiceover,Next Trigger Question,Next Trigger Question(English),Mother’s Question (Tamil – Natural),Allobaby Response (Tamil – Casual & Friendly),Allobaby Response (tamil) Voiceover,Next Trigger Question Tamil,Next Trigger Question (Baby Voice over Tamil),Mother’s Question (Hindi – Natural),Allobaby Response (Hindi – Baby Tone),Allobababy_response- Voice(HINDI),Next Trigger Question Hindi,Next Trigger Question (Baby Voice over Hindi),Mother’s Question (Marathi – Natural),Allobaby Response (Marathi – Baby Tone),Allobababy_response- Voice(MARATHI),Next Trigger Question Marathi,Next Trigger Question (Baby Voice over Marathi),Mother’s Question (Gujarathi – Natural),Allobaby Response (Gujarathi – Baby Tone),Gujarathi-English,Allobababy_response- Voice(GUJARATHI),Next Trigger Question Gujarathi,Next Trigger Question Gujarathi-English,Next Trigger Question (Baby Voice over Gujarathi)
anxious_feeling,Why do I feel anxious?,"mommy, your body and mind are going through many changes. You’re not alone in this.",1.mp3,Do you want to know what helps you feel calmer?,1.mp3,எனக்கு ஏன் இவ்வளவு பயமா / பதட்டமா இருக்கு?,"அம்மா, உங்க bodyயும் மனசும் நிறைய மாற்றங்கள் பார்க்குது. நீங்க தனியா இல்ல அம்மா.",1.mp3,உங்களுக்கு மனசு கொஞ்சம் calm ஆக feel ஆக என்ன help பண்ணும்னு தெரிஞ்சிக்கணுமா?,anxious_feeling_trig_ta.mp3,मुझे इतना डर या anxiety क्यों हो रही है?,"मम्मा, आपका शरीर और मन दोनों बहुत बदलावों से गुजर रहे हैं… आप इसमें अकेली नहीं हो 🤍",anxious_feeling_hi.mp3,"क्या आपको थोड़ा calm feel करने में क्या मदद करेगा, ये जानना है?",anxious_feeling_trig_gu.mp3,मला इतकी भीती किंवा anxiety का वाटतेय?,"आई, तुमचं शरीर आणि मन दोन्ही खूप बदलांमधून जात आहेत… तुम्ही यात एकट्या नाही आहात 🤍",anxious_feeling_ma.mp3,तुम्हाला मन थोडं calm feel व्हायला काय मदत होईल हे जाणून घ्यायचंय का?,anxious_feeling_trig_ma.mp3,મને ખૂબ ડર/ચિંતા કેમ લાગે છે?,"મા, તમારું શરીર અને મન ઘણી બદલાવમાંથી પસાર થઈ રહ્યું છે. તમે એકલા નથી મા.","Ma, tamaru body ane man ghana badlav mathi pasar thai rahyu chhe. Tame ekla nathi ma.",anxious_feeling_gu.mp3,તમને મન થોડું calm feel થાય એ માટે શું help કરે એ જાણવું છે?,Tamne man thodu calm feel thay e mate shu help kare e jaanvu che?,anxious_feeling_trig_gu.mp3
mood_swings,Are mood swings normal?,Yes mommy… mood changes are very common during this time.,2.mp3,Want small tips to handle it?,2.mp3,mood swing ஆ இருக்கு.. இது normalஆ?,ஆம் அம்மா… mood change ஆகுறது ரொம்ப சாதாரணம் தான்.,2.mp3,இதைக் handle பண்ண சின்ன சின்ன tips வேண்டுமா?,mood_swings_trig_ta.mp3,क्या mood swings normal हैं?,हाँ मम्मा… इस समय mood changes होना बहुत common है 💛,mood_swings_hi.mp3,इसे handle करने के लिए छोटे छोटे tips चाहिए?,mood_swings_trig_gu.mp3,mood swings होणं normal आहे का?,हो आई… या काळात mood changes होणं खूप common आहे 💛,mood_swings_ma.mp3,हे handle करायला छोटे छोटे tips हवेत का?,mood_swings_trig_ma.mp3,મૂડ સ્વિંગ કેમ થાય છે… આ નોર્મલ છે?,હા મા… મૂડ બદલાવ થવો બહુ સામાન્ય વાત છે.,Ha ma… mood badlav thavo bahu samanya vaat chhe.,mood_swings_gu.mp3,આને handle કરવા નાના નાના tips જોઈએ?,Aane handle karva nana nana tips joie?,mood_swings_trig_gu.mp3
feeling_low,Why am I feeling low?,"Some days feel heavy, mommy… it happens. But you don’t have to go through it alone.",3.mp3,Do you want to talk about what’s bothering you?,3.mp3,எனக்கு ரொம்ப lowஆ feel ஆகுது ஏன்?,சில நாட்கள் கஷ்டமா இருக்கும் அம்மா…ஆனா நீங்க இதை தனியா சமாளிக்க வேண்டியதில்லை.,3.mp3,உங்களை என்ன bother பண்ணுதுன்னு பேசணுமா?,feeling_low_trig_ta.mp3,मुझे इतना low क्यों feel हो रहा है?,"मम्मा, कुछ दिन थोड़े भारी लग सकते हैं… ऐसा होना normal है। लेकिन आपको ये सब अकेले नहीं संभालना 🤍",feeling_low_hi.mp3,क्या आपको जो परेशान कर रहा है उसके बारे में बात करनी है?,feeling_low_trig_gu.mp3,मला इतकं low का वाटतंय?,"आई, काही दिवस थोडे जड वाटू शकतात… असं होणं normal आहे. पण हे सगळं तुम्हाला एकट्याने सहन करायचं नाही 🤍",feeling_low_ma.mp3,तुम्हाला काय bother करतंय त्याबद्दल बोलायचंय का?,feeling_low_trig_ma.mp3,મને બહુ low કેમ લાગે છે?,કેટલાક દિવસો મુશ્કેલ લાગે છે મા… પણ તમને આ બધું એકલા હેન્ડલ કરવાની જરૂર નથી.,Ketlak divaso mushkil lage chhe ma… pan tamne aa badhu ekla handle karvani jarur nathi.,feeling_low_gu.mp3,તમને શું bother કરે છે એ વિશે વાત કરવી છે?,Tamne shu bother kare che e vishe vaat karvi che?,feeling_low_trig_gu.mp3
manage_stress,How do I manage stress?,"Small things can help, mommy… rest, good food, and talking to someone you trust.",4.mp3,Want a simple daily routine?,4.mp3,stress எப்படி manage பண்ணுவது?,"சின்ன சின்ன விஷயங்கள் help பண்ணும் அம்மா… ஓய்வு, நல்ல சாப்பாடு, யாரிடமாவது பேசுவது help பண்ணும்  அம்மா.",4.mp3,ஒரு simple daily routine try பண்ணலாமா?,manage_stress_trig_ta.mp3,stress कैसे manage करूँ?,"मम्मा, छोटी-छोटी चीज़ें मदद कर सकती हैं… थोड़ा आराम, अच्छा खाना और किसी भरोसे वाले इंसान से बात करना 💕",manage_stress_hi.mp3,एक simple daily routine try करें?,manage_stress_trig_gu.mp3,stress कसा manage करू?,"आई, छोट्या-छोट्या गोष्टी मदत करू शकतात… थोडा आराम, चांगलं खाणं आणि विश्वासू व्यक्तीशी बोलणं 💕",manage_stress_ma.mp3,एक simple daily routine try करूया का?,manage_stress_trig_ma.mp3,સ્ટ્રેસ કેવી રીતે મેનેજ કરવો?,"નાની નાની બાબતો મદદ કરે છે મા… આરામ, સારું ખાવું, કોઈ સાથે વાત કરવી મદદરૂપ થાય છે મા.","Nani nani babato madad kare chhe ma… aaram, saaru khavanu, koi sathe vaat karvi upyogi thai shake chhe ma.",manage_stress_gu.mp3,એક simple daily routine try કરીએ?,Ek simple daily routine try kariye?,manage_stress_trig_gu.mp3
crying_often,Is crying often okay?,"It’s okay to cry, mommy… it helps release feelings. But if it feels too much, let’s talk to someone you trust.",5.mp3,Shall we reach out to someone you trust?,5.mp3,அடிக்கடி அழுதுட்டே இருக்கேன்… இது ok ஆ?,அழுதது okதான் அம்மா… அது மனசை லைட்டா ஆக்கும். ஆனா ரொம்ப அதிகமா இருந்தா யாரிடமாவது பேசணும்.,5.mp3,நம்பிக்கையுள்ள யாரையாவது தொடர்பு கொள்ளலாமா?,crying_often_trig_ta.mp3,मुझे बार-बार रोना आता है… क्या ये okay है?,"मम्मा, रोना ठीक है… इससे feelings बाहर आती हैं। लेकिन अगर बहुत ज़्यादा लगे, तो किसी अपने या doctor से बात करना 🥺",crying_often_hi.mp3,क्या किसी भरोसे वाले इंसान से बात करें?,crying_often_trig_gu.mp3,मला वारंवार रडू येतं… हे okay आहे का?,"आई, रडणं ठीक आहे… त्यामुळे feelings बाहेर येतात. पण खूप जास्त वाटत असेल तर आपल्या माणसांशी किंवा doctor शी बोला 🥺",crying_often_ma.mp3,विश्वासू कुणाशी contact करूया का?,crying_often_trig_ma.mp3,હું વારંવાર રડી પડું છું… આ ઠીક છે?,રડવું ઠીક છે મા… તે મનને હળવું કરે છે. પણ જો બહુ વધારે થાય તો કોઈ સાથે વાત કરવી જોઈએ.,Radvu thik chhe ma… te man ne halku kare chhe. Pan jo bahu vadhu thay to koi sathe vaat karvi joie.,crying_often_gu.mp3,કોઈ વિશ્વાસુ વ્યક્તિને contact કરીએ?,Koi vishwasu vyakti ne contact kariye?,crying_often_trig_gu.mp3
avoid_talking,I don’t feel like talking to anyone,"That’s okay for a while, mommy… but staying alone too long can feel heavy. A small talk might help.",6.mp3,Shall we talk to someone close?,6.mp3,யார்டையும் பேச பிடிக்கல,கொஞ்ச நேரம் அப்படியே இருக்கலாம் அம்மா… ஆனா நீண்ட நேரம் தனியா இருந்தா இன்னும் கஷ்டமா இருக்கும். கொஞ்சம் பேசினா லைட்டா ஆகும்.,6.mp3,உங்களுக்கு நெருக்கமான யாரிடமாவது பேசலாமா?,avoid_talking_trig_ta.mp3,मुझे किसी से बात करने का मन नहीं करता,"मम्मा, थोड़ी देर अकेला रहना ठीक है… लेकिन बहुत लंबे समय तक अकेले रहना मन को भारी कर सकता है। थोड़ा बात करना मदद करेगा 🤍",avoid_talking_hi.mp3,क्या किसी अपने close इंसान से बात करें?,avoid_talking_trig_gu.mp3,मला कुणाशी बोलावंसं वाटत नाही,"आई, थोडावेळ एकटं राहणं ठीक आहे… पण खूप वेळ एकटं राहिल्यावर मन जड होऊ शकतं. थोडं बोलणं मदत करेल 🤍",avoid_talking_ma.mp3,तुमच्या जवळच्या कुणाशी बोलूया का?,avoid_talking_trig_ma.mp3,કોઈ સાથે વાત કરવાનું મન નથી થતું,થોડો સમય એમ જ રહી શકાય છે મા… પણ લાંબો સમય એકલા રહેશો તો વધારે મુશ્કેલ લાગશે. થોડી વાત કરવાથી હળવું લાગશે.,Thodu samay em j rahi shakai chhe ma… pan lamba samay ekla rahesho to vadhu mushkil lagse. Thodi vaat karvathi halku lagse.,avoid_talking_gu.mp3,તમારા નજીકના કોઈ સાથે વાત કરીએ?,Tamara najik na koi sathe vaat kariye?,avoid_talking_trig_gu.mp3
emotional_tired,I feel tired emotionally,"You’ve been strong, mommy… Take rest, both body and mind need it.",7.mp3,Want to try a small relaxation step?,7.mp3,எனக்கு மனசளவுல ரொம்ப சோர்வா இருக்கு.,நீங்க ரொம்ப strong அம்மா… உடம்புக்கும் மனசுக்கும் ஓய்வு வேணும்.,7.mp3,ஒரு சின்ன relaxation step try பண்ணலாமா?,emotional_tired_trig_ta.mp3,मैं emotionally बहुत tired feel कर रही हूँ,"मम्मा, आपने बहुत कुछ संभाला है… अब शरीर और मन दोनों को थोड़ा आराम चाहिए 💛",emotional_tired_hi.mp3,एक छोटा relaxation step try करें?,emotional_tired_trig_gu.mp3,मला emotionally खूप थकल्यासारखं वाटतंय,"आई, तुम्ही खूप काही सांभाळलं आहे… आता शरीर आणि मन दोघांनाही थोडा आराम हवा आहे 💛",emotional_tired_ma.mp3,एक छोटंसं relaxation step try करूया का?,emotional_tired_trig_ma.mp3,મને માનસિક રીતે બહુ થાક લાગ્યો છે.,તમે બહુ સ્ટ્રોંગ છો મા… શરીર અને મનને આરામ જોઈએ.,Tame bahu strong chho ma… body ane man ne aaram joiye.,emotional_tired_gu.mp3,એક નાનું relaxation step try કરીએ?,Ek nanu relaxation step try kariye?,emotional_tired_trig_gu.mp3
irritated_easily,I get irritated easily,your body is adjusting. Try to pause and breathe slowly.,8.mp3,Want a simple calming exercise?,8.mp3,ரொம்ப சீக்கிரம் கோபம் வருது,உங்க body adjust ஆகுது. கொஞ்சம் slowஆ மூச்சு விட try பண்ணுங்க.,8.mp3,ஒரு easy calming exercise பண்ணிப் பார்ப்போமா?,irritated_easily_trig_ta.mp3,मुझे बहुत जल्दी गुस्सा आ रहा है,"मम्मा, आपका शरीर अभी बहुत adjust कर रहा है… थोड़ा रुककर धीरे-धीरे सांस लेना मदद कर सकता है 🌿",irritated_easily_hi.mp3,एक easy calming exercise करके देखें?,irritated_easily_trig_gu.mp3,मला खूप पटकन राग येतोय,"आई, तुमचं शरीर आता खूप adjust करतंय… थोडं थांबून हळूहळू श्वास घेतल्याने बरं वाटू शकतं 🌿",irritated_easily_ma.mp3,एक easy calming exercise करून बघूया का?,irritated_easily_trig_ma.mp3,ઝડપથી ગુસ્સો કેમ આવે છે?,તમારું શરીર એડજસ્ટ થઈ રહ્યું છે. ધીમે ધીમે શ્વાસ લેવાનો પ્રયત્ન કરો મા.,Tamaru body adjust thai rahyu chhe. Dhime dhime shvas levano prayas karo ma.,irritated_easily_gu.mp3,એક easy calming exercise કરીને જોઈએ?,Ek easy calming exercise kari ne joiye?,irritated_easily_trig_gu.mp3
overwhelmed_feeling,I feel overwhelmed,pregnancy can feel overwhelming sometimes. Take some rest and don’t worry too much.a,9.mp3,Shall I help you plan your day simply?,9.mp3,எனக்கு ரொம்ப overwhelmedஆ feel ஆகுது.,"pregnancyல சில நேரம் இப்படி feel ஆகலாம். கொஞ்சம் rest எடுங்க, அதிகம் கவலைப்படாதீங்க.",9.mp3,உங்க நாளை simple ஆ plan பண்ண நான் help பண்ணட்டுமா?,overwhelmed_feeling_trig_ta.mp3,मुझे बहुत overwhelmed feel हो रहा है,"मम्मा, कभी-कभी pregnancy बहुत overwhelming लग सकती है… थोड़ा आराम करो और खुद पर इतना pressure मत डालो 🤍",overwhelmed_feeling_hi.mp3,क्या मैं आपका दिन थोड़ा simple तरीके से plan करने में help करूँ?,overwhelmed_feeling_trig_gu.mp3,मला खूप overwhelmed वाटतंय,"आई, कधी कधी pregnancy खूप overwhelming वाटू शकते… थोडा आराम करा आणि स्वतःवर इतका pressure टाकू नका 🤍",overwhelmed_feeling_ma.mp3,तुमचा दिवस simple पद्धतीने plan करायला मी help करू का?,overwhelmed_feeling_trig_ma.mp3,મને બહુ overwhelmed કેમ લાગે છે?,"pregnancy માં ક્યારેક આવું feel થવું સામાન્ય છે. થોડો આરામ લો, વધારે ચિંતા ન કરો.","Pregnancy ma kyarek aavu feel thavu samanya chhe. Thodo aaram lo, vadhu chinta na karo.",overwhelmed_feeling_gu.mp3,તમારો દિવસ simple રીતે plan કરવામાં હું help કરું?,Tamaro divas simple rite plan karvama hu help karu?,overwhelmed_feeling_trig_gu.mp3
not_happy,I am not feeling happy,"It’s okay not to feel happy all the time, mommy… your feelings matter. Let’s find small things that comfort you.",10.mp3,Want to try something that lifts your mood?,10.mp3,நா சந்தோஷமா இல்ல,எப்போதும் சந்தோஷமா இருக்க வேண்டிய அவசியம் இல்லை அம்மா… உங்க feelings முக்கியம். சின்ன சின்ன comfort பண்ற விஷயங்கள் try பண்ணலாம்.,10.mp3,மனசுக்கு கொஞ்சம் நல்லா feel ஆக ஏதாவது try பண்ணலாமா?,not_happy_trig_ta.mp3,मुझे खुशी महसूस नहीं हो रही,"मम्मा, हर समय खुश महसूस करना ज़रूरी नहीं है… आपकी feelings important हैं। छोटी-छोटी comforting चीज़ें मदद कर सकती हैं 💕",not_happy_hi.mp3,Mood थोड़ा better feel करने के लिए कुछ try करें?,not_happy_trig_gu.mp3,मला आनंदी वाटत नाही,"आई, सतत आनंदी वाटणं गरजेचं नाही… तुमच्या feelings खूप महत्त्वाच्या आहेत. छोट्या comforting गोष्टी मदत करू शकतात 💕",not_happy_ma.mp3,मन थोडं better feel व्हावं म्हणून काही try करूया का?,not_happy_trig_ma.mp3,હું ખુશ નથી,હંમેશા ખુશ રહેવું જરૂરી નથી મા… તમારી લાગણીઓ મહત્વની છે. નાની નાની comfort આપતી વસ્તુઓ try કરી શકો.,Hamesha khush rehvu jaruri nathi ma… tamari laganio mahatvni chhe. Nani nani comfort aapti babato try kari shako.,not_happy_gu.mp3,મન થોડું better feel થાય એ માટે કંઈ try કરીએ?,Man thodu better feel thay e mate kai try kariye?,not_happy_trig_gu.mp3
something_wrong,I feel like something is wrong with me,"Nothing is “wrong” with you, mommy… you’re going through a lot. But it’s important to talk to a doctor or someone you trust.",11.mp3,Shall we reach out for support?,11.mp3,எனக்கு என்னமோ ஏதோ சரியில்லாம இருக்குற மாதிரி feel ஆகுது.,உங்கள்ல எந்த தவறும் இல்ல அம்மா… நீங்க நிறைய changes பாத்துட்டு இருக்கீங்க. ஆனா டாக்டர் அல்லது நம்பிக்கையுள்ள யாரிடமாவது பேசுங்க அம்மா.,11.mp3,கொஞ்சம் support காக யாரையாவது reach out பண்ணலாமா?,something_wrong_trig_ta.mp3,मुझे लगता है मेरे साथ कुछ गलत है,"मम्मा, आपके साथ कुछ “गलत” नहीं है… आप बहुत कुछ महसूस कर रही हो। लेकिन doctor या किसी भरोसे वाले इंसान से बात करना ज़रूरी है 🤍",something_wrong_hi.mp3,थोड़ा support के लिए किसी से reach out करें?,something_wrong_trig_gu.mp3,मला वाटतं माझ्यात काहीतरी बरोबर नाही,"आई, तुमच्यात काही “चूक” नाही… तुम्ही खूप काही अनुभवत आहात. पण doctor किंवा विश्वासू व्यक्तीशी बोलणं महत्त्वाचं आहे 🤍",something_wrong_ma.mp3,थोड्या support साठी कुणाशी reach out करूया का?,something_wrong_trig_ma.mp3,મને એવું કેમ લાગે છે કે કંઈક તો ઠીક નથી.,તમામાં કોઈ ભૂલ નથી મા… તમે ઘણા બદલાવમાંથી પસાર થઈ રહ્યા છો. પણ ડોક્ટર અથવા કોઈ વિશ્વાસુ વ્યક્તિ સાથે વાત કરો મા.,Tamara ma koi bhul nathi ma… tame ghana badlav mathi pasar thai rahya chho. Pan doctor athva koi vishvasi vyakti sathe vaat karo ma.,something_wrong_gu.mp3,થોડા support માટે કોઈને reach out કરીએ?,Thoda support mate koi ne reach out kariye?,something_wrong_trig_gu.mp3
poor_sleep,I can’t sleep properly,"Sleep can be affected, mommy… try relaxing before sleep and keeping your mind calm.",12.mp3,Want a bedtime routine?,12.mp3,என்னால சரியா தூங்க முடியல.,தூக்கம் கொஞ்சம் பாதிக்கலாம் அம்மா… தூங்குறதுக்கு முன்னாடி மனசை calm ஆக்க try பண்ணுங்க.,12.mp3,ஒரு simple bedtime routine try பண்ணலாமா?,poor_sleep_trig_ta.mp3,मुझे ठीक से नींद नहीं आ रही,"मम्मा, pregnancy में नींद प्रभावित हो सकती है… सोने से पहले थोड़ा relax करने की कोशिश करो 😴",poor_sleep_hi.mp3,एक simple bedtime routine try करें?,poor_sleep_trig_gu.mp3,मला नीट झोप लागत नाही,"आई, pregnancy मध्ये झोप प्रभावित होऊ शकते… झोपण्याआधी थोडं relax होण्याचा प्रयत्न करा 😴",poor_sleep_ma.mp3,एक simple bedtime routine try करूया का?,poor_sleep_trig_ma.mp3,મને સારી ઊંઘ કેમ નથી આવતી?,ઊંઘ થોડી અસર થઈ શકે છે મા… સૂતા પહેલા મન શાંત કરવાનો પ્રયત્ન કરો.,Ungh thodi asar thai shake chhe ma… suta pela man shant karvano prayas karo.,poor_sleep_gu.mp3,એક simple bedtime routine try કરીએ?,Ek simple bedtime routine try kariye?,poor_sleep_trig_gu.mp3
daily_stress,I feel very stressed daily,"Daily stress can build up, mommy… talking to someone and taking small breaks helps.",13.mp3,Shall we plan small breaks?,13.mp3,தினமும் ரொம்ப stressஆ இருக்கு,"தினமும் stress அதிகமா இருக்கும் அம்மா… யாரிடமாவது பேசினா, கொஞ்சம் break எடுத்தா helpful ஆ இருக்கும்.",13.mp3,நாள்ல கொஞ்சம் small breaks plan பண்ணலாமா?,daily_stress_trig_ta.mp3,मुझे रोज़ बहुत stress feel होता है,"मम्मा, रोज़ का stress धीरे-धीरे बढ़ सकता है… थोड़ा break लेना और किसी से बात करना मदद करेगा 💛",daily_stress_hi.mp3,दिन में छोटे छोटे breaks plan करें?,daily_stress_trig_gu.mp3,मला रोज खूप stress वाटतो,"आई, रोजचा stress हळूहळू वाढू शकतो… थोडा break घेणं आणि कुणाशी बोलणं मदत करेल 💛",daily_stress_ma.mp3,दिवसभरात छोटे छोटे breaks plan करूया का?,daily_stress_trig_ma.mp3,દરરોજ બહુ સ્ટ્રેસ લાગે છે,"દરરોજ stress વધારે લાગે છે મા… કોઈ સાથે વાત કરવી, થોડો break લેવો મદદરૂપ થઈ શકે છે.","Darek divas stress vadhu lage chhe ma… koi sathe vaat karvi, thodu break levu upyogi thai shake chhe.",daily_stress_gu.mp3,દિવસમાં નાના નાના breaks plan કરીએ?,Divas ma nana nana breaks plan kariye?,daily_stress_trig_gu.mp3
crying_no_reason,I feel like crying without reason,"That happens sometimes, mommy… your emotions are adjusting. But if it continues, let’s speak to a doctor.",14.mp3,Shall we talk to a doctor?,14.mp3,காரணம் இல்லாம அழணும் போல இருக்கு,சில சமயம் காரணம் இல்லாம அழணும் போல இருக்கும் அம்மா… அது normal. ஆனா தொடர்ந்து இருந்தா Doctorட சொல்லுங்க அம்மா.,14.mp3,Doctor கிட்ட பேசலாமா?,crying_no_reason_trig_ta.mp3,मुझे बिना वजह रोने जैसा लगता है,"मम्मा, कभी-कभी emotions ऐसे बदलते हैं… लेकिन अगर ये लगातार हो रहा है, तो doctor से बात करना अच्छा रहेगा 🥺",crying_no_reason_hi.mp3,क्या doctor से बात करें?,crying_no_reason_trig_gu.mp3,मला कारण नसताना रडू येतं,"आई, कधी कधी emotions असे बदलतात… पण हे सतत होत असेल तर doctor शी बोलणं चांगलं राहील 🥺",crying_no_reason_ma.mp3,Doctor शी बोलूया का?,crying_no_reason_trig_ma.mp3,કારણ વગર રડવાનું મન કેમ થાય છે?,ક્યારેક કારણ વગર રડવાનું મન થાય છે મા… એ સામાન્ય છે. પણ જો સતત રહે તો ડોક્ટરને જણાવો મા.,Kyarek karan vagar radvanu man thay chhe ma… ae samanya chhe. Pan jo satat rehse to doctor ne janavo ma.,crying_no_reason_gu.mp3,Doctor સાથે વાત કરીએ?,Doctor sathe vaat kariye?,crying_no_reason_trig_gu.mp3
pregnancy_fear_unknown,Why do I feel scared about things I can’t even explain?,"During pregnancy, hormonal changes and uncertainty can cause unexplained fear or anxiety.",pregnancy_fear_unknown_en.mp3,Would you like to know simple ways to ease fear and feel more secure during pregnancy?,pregnancy_fear_unknown_trig_en.mp3,ஏன் Reason-ஏ இல்லாம பயமா இருக்கு,"கர்ப்ப காலத்துல hormones change ஆகுறதால, future பற்றிய uncertainty காரணமா எந்த reason இல்லாம பயம் அல்லது anxiety feel ஆகலாம்.",pregnancy_fear_unknown_ta.mp3,கர்ப்ப காலத்தில் வரும் பயம் குறையவும் கொஞ்சம் secure ஆ feel ஆகவும் simple வழிகள் தெரிஞ்சிக்கணுமா?,pregnancy_fear_unknown_trig_ta.mp3,मुझे बिना किसी reason के डर सा क्यों लग रहा है?,Pregnancy में hormones बदलने और future की uncertainty की वजह से बिना reason के डर या anxiety हो सकती है।,pregnancy_fear_unknown_hi.mp3,"Pregnancy में जो डर या insecurity feel होती है, उसे कम करने के simple ways जानना चाहती हैं?",pregnancy_fear_unknown_trig_gu.mp3,काहीच reason नसताना मला भीती का वाटतेय?,गर्भधारणेदरम्यान hormones बदलल्यामुळे आणि future बद्दल uncertainty असल्यामुळे कारण नसताना भीती किंवा anxiety वाटू शकते.,pregnancy_fear_unknown_ma.mp3,Pregnancy मध्ये येणारी भीती कमी व्हावी आणि थोडं secure feel व्हावं यासाठी simple ways जाणून घ्यायचेत का?,pregnancy_fear_unknown_trig_ma.mp3,કારણ વગર ડર કેમ લાગે છે?,pregnancy દરમિયાન hormones બદલાતા હોવાથી future વિશે uncertaintyના કારણે કારણ વગર ડર અથવા anxiety લાગવી સામાન્ય છે.,Pregnancy darmiyan hormones badlata hovani karane future vishe uncertainty na karane karan vagar dar athva anxiety lagvu samanya chhe.,pregnancy_fear_unknown_gu.mp3,Pregnancy દરમિયાન આવતો ડર ઓછો થાય અને થોડું secure feel થાય એ માટે simple ways જાણવું છે?,Pregnancy darmiyan aavto dar ochho thay ane thodu secure feel thay e mate simple ways jaanvu che?,pregnancy_fear_unknown_trig_gu.mp3
regnancy_confidence_drop,Why has my confidence reduced during pregnancy?,"Confidence may drop due to body changes, fatigue, and hormonal shifts.",regnancy_confidence_drop_en.mp3,Want small confidence-building tips for body and mood changes?,regnancy_confidence_drop_trig_en.mp3,self-confidence ஏன் குறைஞ்ச மாதிரி இருக்கு?,"body changes, tiredness, hormones மாற்றம் இதெல்லாம் காரணமா confidence குறைஞ்ச மாதிரி feel ஆகலாம்.",regnancy_confidence_drop_ta.mp3,உடல் மாற்றங்களும் mood changes-உம் handle பண்ண confidence கூட்ட சின்ன tips வேண்டுமா?,regnancy_confidence_drop_trig_ta.mp3,मेरा self-confidence क्यों कम सा लग रहा है?,"body में changes, थकान और hormonal shifts की वजह से confidence कम सा लग सकता है।",regnancy_confidence_drop_hi.mp3,Body changes और mood changes handle करने के लिए confidence बढ़ाने वाले छोटे tips चाहिए?,regnancy_confidence_drop_trig_gu.mp3,माझा self-confidence का कमी झाल्यासारखा वाटतोय?,"body मधले बदल, थकवा आणि hormones बदल यामुळे confidence कमी झाल्यासारखं वाटू शकतं.",regnancy_confidence_drop_ma.mp3,Body changes आणि mood changes handle करायला confidence वाढवणारे छोटे tips हवेत का?,regnancy_confidence_drop_trig_ma.mp3,self-confidence કેમ ઓછું થઈ ગયું છે?,"body changes, થાક અને hormones બદલાવના કારણે self-confidence ઓછું લાગવું સામાન્ય છે.","Body changes, thaak ane hormones badlav na karane self-confidence ochhu lagvu samanya chhe.",regnancy_confidence_drop_gu.mp3,Body changes અને mood changes handle કરવા confidence વધારતા નાના tips જોઈએ?,Body changes ane mood changes handle karva confidence vadharta nana tips joie?,regnancy_confidence_drop_trig_gu.mp3
pregnancy_overthinking_baby,Why do I keep worrying too much about the baby’s health?,Worrying about the baby is common and usually comes from protective instincts and concern.,pregnancy_overthinking_baby_en.mp3,Would you like to talk about the worries you have about your baby?,pregnancy_overthinking_baby_trig_en.mp3,குழந்தை பற்றி நான் ஏன் ரொம்ப அதிகமா worry பண்ணுறேன்?,"குழந்தை பற்றி அதிகம் worry பண்ணுறது ரொம்ப normal, அது protective instinct மற்றும் care காரணமா வரும்.",pregnancy_overthinking_baby_ta.mp3,குழந்தையைப் பற்றிய உங்க கவலைகளைப் பற்றி பேசணுமா?,pregnancy_overthinking_baby_trig_ta.mp3,मैं बच्चे को लेकर इतना ज्यादा worry क्यों कर रही हूँ?,"बच्चे को लेकर ज्यादा चिंता करना बिल्कुल normal है, ये protective instinct और care की वजह से होता है।",pregnancy_overthinking_baby_hi.mp3,"Baby को लेकर जो worries हैं, उनके बारे में बात करना चाहती हैं?",pregnancy_overthinking_baby_trig_gu.mp3,बाळाबद्दल मी इतकी जास्त काळजी का करतेय?,"बाळाबद्दल जास्त काळजी करणं हे खूप normal आहे, ते protective instinct आणि चिंता यामुळे होतं.",pregnancy_overthinking_baby_ma.mp3,Baby बद्दलच्या तुमच्या worries बद्दल बोलायचंय का?,pregnancy_overthinking_baby_trig_ma.mp3,બાળક વિશે હું એટલી વધારે ચિંતા કેમ કરું છું?,"બાળક વિશે વધારે ચિંતા કરવી બહુ સામાન્ય છે, તે protective instinct અને care કારણે થાય છે.","Baalak vishe vadhu chinta karvi bahu samanya chhe, te protective instinct ane care karane thay chhe.",pregnancy_overthinking_baby_gu.mp3,Baby વિશે જે worries છે એ વિશે વાત કરવી છે?,Baby vishe je worries che e vishe vaat karvi che?,pregnancy_overthinking_baby_trig_gu.mp3
pregnancy_mind_fatigue,Why does my mind feel tired all the time?,"Mental fatigue happens due to hormonal changes, stress, and poor sleep.",pregnancy_mind_fatigue_en.mp3,Want simple ways to reduce mental fatigue and feel more refreshed?,pregnancy_mind_fatigue_trig_en.mp3,என் மனசு ஏன் எப்பவும் tired-ஆ feel ஆகுது?,"hormones change, stress, தூக்கம் குறைஞ்சது இதெல்லாம் காரணமா மனசு ரொம்ப tired-ஆ feel ஆகலாம்.",pregnancy_mind_fatigue_ta.mp3,Mental tiredness குறையவும் கொஞ்சம் fresh ஆ feel ஆகவும் simple வழிகள் try பண்ணலாமா?,pregnancy_mind_fatigue_trig_ta.mp3,मेरा mind हमेशा tired सा क्यों लग रहा है?,"hormones changes, stress और कम नींद की वजह से mind में काफी fatigue महसूस हो सकता है।",pregnancy_mind_fatigue_hi.mp3,Mental tiredness कम करके थोड़ा fresh feel करने के simple ways try करें?,pregnancy_mind_fatigue_trig_gu.mp3,माझं mind नेहमी tired का वाटतंय?,"hormones बदल, stress आणि झोप कमी झाल्यामुळे mental fatigue जाणवू शकतो.",pregnancy_mind_fatigue_ma.mp3,Mental tiredness कमी करून थोडं fresh feel व्हावं यासाठी simple ways try करूया का?,pregnancy_mind_fatigue_trig_ma.mp3,મારું મન હંમેશા થાકેલું કેમ લાગે છે?,"hormones બદલાવ, stress અને ઊંઘ ઓછી થવાથી મન બહુ થાકેલું લાગે છે.","Hormones badlav, stress ane ungh ochhi thavathi man bahu thakelun lage chhe.",pregnancy_mind_fatigue_gu.mp3,Mental tiredness ઓછું કરીને થોડું fresh feel થાય એ માટે simple ways try કરીએ?,Mental tiredness ochhu kari ne thodu fresh feel thay e mate simple ways try kariye?,pregnancy_mind_fatigue_trig_gu.mp3
pregnancy_emotional_balance,Why is it hard to feel emotionally balanced during pregnancy?,Emotional balance becomes difficult because pregnancy hormones affect mood regulation.,pregnancy_emotional_balance_en.mp3,Would you like easy tips to manage mood swings and emotional balance?,pregnancy_emotional_balance_trig_en.mp3,என் emotions ஏன் balance ஆகவே மாட்டேங்குது,pregnancy hormones mood regulate பண்ணுற system-ஐ affect பண்ணுறதால emotions balance பண்ண முடியாம போகலாம்.,pregnancy_emotional_balance_ta.mp3,Mood swings மற்றும் emotional balance handle பண்ண easy tips வேண்டுமா?,pregnancy_emotional_balance_trig_ta.mp3,मेरे emotions क्यों balance नहीं हो रहे हैं?,"pregnancy hormones mood को regulate करने वाले system पर असर डालते हैं, इसलिए emotions balance रखना मुश्किल हो सकता है।",pregnancy_emotional_balance_hi.mp3,Mood swings और emotional balance handle करने के easy tips चाहिए?,pregnancy_emotional_balance_trig_gu.mp3,माझे emotions का balance होत नाहीत?,"pregnancy hormones mood regulate करणाऱ्या system वर effect करतात, त्यामुळे emotions balance ठेवणं कठीण होतं.",pregnancy_emotional_balance_ma.mp3,Mood swings आणि emotional balance handle करायला easy tips हवेत का?,pregnancy_emotional_balance_trig_ma.mp3,મારી emotions કેમ balance નથી રહેતી?,"pregnancy hormones mood regulate કરનારી system ને અસર કરે છે, એટલે emotions balance રાખવા મુશ્કેલ બને છે.","Pregnancy hormones mood regulate karni system ne affect kare chhe, etle emotions balance rakhva mushkil bane chhe.",pregnancy_emotional_balance_gu.mp3,Mood swings અને emotional balance handle કરવા easy tips જોઈએ?,Mood swings ane emotional balance handle karva easy tips joie?,pregnancy_emotional_balance_trig_gu.mp3
pregnancy_feeling_heavy_emotions,Why do emotions feel too heavy to handle in pregnancy?,Emotions feel heavy due to increased sensitivity and hormonal changes during pregnancy.,pregnancy_feeling_heavy_emotions_en.mp3,Want to try gentle ways to handle overwhelming emotions during pregnancy?,pregnancy_feeling_heavy_emotions_trig_en.mp3,feelings ஏன் ரொம்ப heavy-ஆ handle பண்ண முடியாத மாதிரி இருக்கு?,hormones மாற்றம் மற்றும் sensitivity அதிகமாதல emotions ரொம்ப heavy-ஆ feel ஆகலாம்.,pregnancy_feeling_heavy_emotions_ta.mp3,Pregnancyல overwhelming ஆக வரும் feelings handle பண்ண gentle ways try பண்ணலாமா?,pregnancy_feeling_heavy_emotions_trig_ta.mp3,feelings इतनी heavy क्यों लग रही हैं कि handle करना मुश्किल हो रहा है?,hormones और sensitivity बढ़ने की वजह से feelings बहुत heavy लग सकती हैं।,pregnancy_feeling_heavy_emotions_hi.mp3,Pregnancy में overwhelming feelings को handle करने के gentle ways try करें?,pregnancy_feeling_heavy_emotions_trig_gu.mp3,feelings इतक्या heavy का वाटतात की handle करायला अवघड जातंय?,hormones बदल आणि sensitivity वाढल्यामुळे feelings खूप heavy वाटू शकतात.,pregnancy_feeling_heavy_emotions_ma.mp3,Pregnancy मध्ये overwhelming feelings handle करायला gentle ways try करूया का?,pregnancy_feeling_heavy_emotions_trig_ma.mp3,feelings એટલી heavy કેમ લાગે છે કે handle કરવી મુશ્કેલ લાગે છે?,hormones બદલાવ અને વધારે sensitivityના કારણે emotions બહુ ભારે લાગવા લાગે છે.,Hormones badlav ane vadhu sensitivity na karane emotions bahu bhare lagva lage chhe.,pregnancy_feeling_heavy_emotions_gu.mp3,Pregnancy દરમિયાન overwhelming feelings handle કરવા gentle ways try કરીએ?,Pregnancy darmiyan overwhelming feelings handle karva gentle ways try kariye?,pregnancy_feeling_heavy_emotions_trig_gu.mp3