Keywords,Question (English) ,Allobaby - English,allobaby response English voiceover,Next Question,Next Trigger Question Eng Voiceover,Question (Tamil) ,Allobaby - Tamil,allobaby response tamil voiceover,Next Trigger Question Tamil,Next Trigger Question (Baby Voice over Hindi),Mother’s Question (Hindi – Natural),Allobaby Response (Hindi – Baby Tone),Allobababy_response- Voice(HINDI),Next Trigger Question Hindi,Next Trigger Question (Baby Voice over Hindi),Mother’s Question (Marathi – Natural),Allobaby Response (Marathi – Baby Tone),Allobababy_response- Voice(MARATHI),Next Trigger Question Marathi,Next Trigger Question (Baby Voice over Marathi),Mother’s Question (Gujarathi – Natural),Allobaby Response (Gujarathi – Baby Tone),Gujarathi-English,Allobababy_response- Voice(GUJARATHI),Next Trigger Question Gujarathi,Next Trigger Question Gujarathi-English,Next Trigger Question (Baby Voice over Gujarathi)
miscarriage_signs,How can I tell if something might be wrong or if I’m having a miscarriage?,"mommy, if you notice symptoms like bleeding, strong pain, or feeling that something isn’t right… it’s important to get checked. Trust your body and don’t ignore these signs.",1.mp3,Are you noticing any specific symptoms right now?,1.mp3,எனக்கு ஏதோ சரியாக இல்லை போலத் தோன்றினால் அல்லது கருச்சிதைவு நடக்கிறதா என்று எப்படி உணரலாம்?,"அம்மா, ரத்தப்போக்கு, கடுமையான வலி அல்லது ஏதோ சரியில்லை போல தோன்றினால் கவனிக்கணும்… உடனே டாக்டரை பார்க்கலாம். உங்க body சொல்லுறதை நம்புங்க.",1.mp3,"அம்மா, இப்போ உங்களுக்கு ஏதாவது குறிப்பிட்ட அறிகுறிகள் தெரிகிறதா?",miscarriage_signs_trig_hi.mp3,"अगर मुझे लगे कि कुछ ठीक नहीं है या miscarriage हो रहा है, तो मैं कैसे समझूँ?","मम्मा, अगर bleeding, तेज दर्द या कुछ गलत महसूस हो… तो इसे ignore मत करना। अपने शरीर की बात सुनो और जल्दी check करवाओ 🥺",miscarriage_signs_hi.mp3,"मम्मी, क्या अभी तुम्हें कोई specific symptoms लग रहे हैं?",miscarriage_signs_trig_hi.mp3,मला काहीतरी बरोबर नाही किंवा miscarriage होत आहे असं वाटलं तर कसं ओळखायचं?,"आई, जर bleeding, तीव्र वेदना किंवा काहीतरी चुकीचं वाटत असेल… तर त्याकडे दुर्लक्ष करू नका. तुमच्या शरीराचं ऐका आणि लवकर check करा 🥺",miscarriage_signs_ma.mp3,"आई, आत्ता तुला काही specific symptoms जाणवत आहेत का?",miscarriage_signs_trig_ma.mp3,મને લાગે છે કે કંઈક ઠીક નથી અથવા miscarriage થઈ રહ્યું છે એવું કેવી રીતે સમજાય?,"મા, જો bleeding, તીવ્ર દુખાવો અથવા કંઈક ખોટું લાગે… તો એને ignore ન કરશો. તમારા શરીરની વાત સાંભળો અને વહેલું check કરાવો 🥺","Ma, jo bleeding, tivra dukhavo athva kai khotu lage… to ene ignore na karsho. Tamaru sharir ni vaat sambhlo ane vahelu check karavo 🥺",miscarriage_signs_gu.mp3,"મમ્મી, અત્યારે તને કોઈ specific symptoms લાગે છે?","Mummy, atyare tane koi specific symptoms lage chhe?",miscarriage_signs_trig_gu.mp3
pregnancy_bleeding,"If I notice any bleeding during pregnancy, what would be the right thing to do?","mommy, any bleeding should be taken seriously… even if it’s light. It’s always safer to consult a doctor and stay calm.",2.mp3,Is the bleeding light or heavy?,2.mp3,"கர்ப்ப காலத்தில் ரத்தப்போக்கு இருந்தால், நான் அமைதியாக என்ன செய்ய வேண்டும்?","அம்மா, கர்ப்ப காலத்தில் எந்த அளவிலான ரத்தப்போக்காக இருந்தாலும் கவனிக்கணும்… லேசானதாயிருந்தாலும் டாக்டரை பார்க்கலாம். அமைதியா இருங்க.",2.mp3,"அம்மா, இரத்தப்போக்கு லைட்டா இருக்கா அல்லது அதிகமா இருக்கா?",pregnancy_bleeding_trig_hi.mp3,pregnancy में bleeding हो तो मुझे क्या करना चाहिए?,"मम्मा, pregnancy में किसी भी तरह की bleeding को seriously लेना चाहिए… चाहे हल्की ही क्यों ना हो। शांत रहो और doctor से जल्दी consult करो 🤍",pregnancy_bleeding_hi.mp3,"मम्मी, bleeding हल्की है या ज्यादा है?",pregnancy_bleeding_trig_hi.mp3,pregnancy मध्ये bleeding झालं तर मला काय करायला हवं?,"आई, pregnancy मध्ये कोणत्याही प्रकारच्या bleeding ला seriously घ्यायला हवं… जरी ती हलकी असली तरी. शांत राहा आणि doctor ना लवकर consult करा 🤍",pregnancy_bleeding_ma.mp3,"आई, bleeding हलकी आहे की जास्त आहे?",pregnancy_bleeding_trig_ma.mp3,pregnancy દરમિયાન bleeding હોય તો હું શાંતિથી શું કરું?,"મા, pregnancyમાં કોઈપણ પ્રકારનું bleeding ગંભીરતાથી લેવું જોઈએ… ભલે હળવું હોય તો પણ. શાંત રહો અને doctorને વહેલું consult કરો 🤍","Ma, pregnancy ma koi pan prakar nu bleeding gambhirta thi levu joie… bhale halvu hoy to pan. Shant raho ane doctor ne vahelu consult karo 🤍",pregnancy_bleeding_gu.mp3,"મમ્મી, bleeding હળવી છે કે વધારે છે?","Mummy, bleeding halvi chhe ke vadhu chhe?",pregnancy_bleeding_trig_gu.mp3
hospital_when,When should I consider going to the hospital if I feel something isn’t right?,"mommy, if you feel something is off, or symptoms like pain, bleeding, or dizziness appear… don’t wait. It’s better to go early and be safe.",3.mp3,What symptoms are you feeling right now?,3.mp3,"ஏதோ சரியாக இல்லையென தோன்றினால், எப்போது மருத்துவமனைக்கு போவது நல்லது?","அம்மா, ஏதோ சரியில்லை போல தோன்றினால், வலி, ரத்தப்போக்கு அல்லது மயக்கம் இருந்தால் காத்திருக்காதீங்க… உடனே மருத்துவமனைக்கு போங்க.",3.mp3,"அம்மா, இப்போ நீங்கள் என்ன அறிகுறிகள் உணர்கிறீர்கள்?",hospital_when_trig_hi.mp3,अगर मुझे लगे कि कुछ ठीक नहीं है तो hospital कब जाना चाहिए?,"मम्मा, अगर दर्द, bleeding, चक्कर या कुछ unusual लगे… तो इंतज़ार मत करो। जल्दी जाना safer होता है 🚑",hospital_when_hi.mp3,"मम्मी, अभी तुम क्या symptoms feel कर रही हो?",hospital_when_trig_hi.mp3,काहीतरी बरोबर नाही असं वाटलं तर hospital ला कधी जावं?,"आई, जर वेदना, bleeding, चक्कर किंवा काही unusual वाटत असेल… तर वाट पाहू नका. लवकर जाणं safer असतं 🚑",hospital_when_ma.mp3,"आई, आत्ता तू काय symptoms feel करते आहेस?",hospital_when_trig_ma.mp3,કંઈક ઠીક નથી એવું લાગે તો ક્યારે હોસ્પિટલ જવું સારું?,"મા, જો દુખાવો, bleeding, ચક્કર અથવા કંઈ unusual લાગે… તો રાહ ન જુઓ. વહેલું જવું વધારે safe છે 🚑","Ma, jo dukhavo, bleeding, chakkar athva kai unusual lage… to rah na juvo. Vahelu javu vadhu safe chhe 🚑",hospital_when_gu.mp3,"મમ્મી, અત્યારે તું શું symptoms feel કરે છે?","Mummy, atyare tu shu symptoms feel kare chhe?",hospital_when_trig_gu.mp3
recovery_warning,"After a miscarriage, what symptoms should I not ignore and get checked immediately?","mommy, please don’t ignore heavy bleeding, high fever, foul-smelling discharge, or severe pain. These need immediate medical care.",4.mp3,Are you experiencing any of these symptoms now?,4.mp3,கருச்சிதைவுக்கு பிறகு எந்த அறிகுறிகளை கவனிக்காமல் விடக்கூடாது?,"அம்மா, அதிக இரத்தப்போக்கு, அதிக காய்ச்சல், துர்நாற்றம் உள்ள வெளியேற்றம், கடுமையான வலி இருந்தா கவனிக்காம விடாதீங்க… உடனே டாக்டரை பார்க்கணும்.",4.mp3,"அம்மா, இப்போ இந்த அறிகுறிகள் உங்களுக்கு இருக்கிறதா?",recovery_warning_trig_hi.mp3,miscarriage के बाद कौन से symptoms को ignore नहीं करना चाहिए?,"मम्मा, heavy bleeding, high fever, bad-smelling discharge या severe pain को ignore मत करना… इन्हें तुरंत medical care चाहिए 🩺",recovery_warning_hi.mp3,"मम्मी, क्या अभी ये symptoms तुम्हें हो रहे हैं?",recovery_warning_trig_hi.mp3,miscarriage नंतर कोणती लक्षणं दुर्लक्ष करू नयेत?,"आई, heavy bleeding, high fever, bad-smelling discharge किंवा severe pain कडे दुर्लक्ष करू नका… त्यांना त्वरित medical care लागते 🩺",recovery_warning_ma.mp3,"आई, आत्ता हे symptoms तुला होत आहेत का?",recovery_warning_trig_ma.mp3,miscarriage પછી કયા લક્ષણોને ignore ન કરવા જોઈએ?,"મા, heavy bleeding, high fever, bad-smelling discharge અથવા severe pain ને ignore ન કરશો… તેને તરત medical care જોઈએ 🩺","Ma, heavy bleeding, high fever, bad-smelling discharge athva severe pain ne ignore na karsho… tene tarat medical care joiye 🩺",recovery_warning_gu.mp3,"મમ્મી, અત્યારે આ symptoms તને થાય છે?","Mummy, atyare aa symptoms tane thay chhe?",recovery_warning_trig_gu.mp3
recovery_time,"After a miscarriage, how long does it usually take for my body to feel normal again?","mommy, your body usually takes a few weeks to recover… but everyone is different. Give yourself time and rest gently",5.mp3,Would you like to know how to support your recovery?,5.mp3,"கருச்சிதைவுக்கு பிறகு, என் உடல் மீண்டும் பழைய நிலைக்கு வர பொதுவாக எவ்வளவு நேரம் ஆகும்?","அம்மா, உடல் மீண்டும் சீராக ஆக சில வாரங்கள் ஆகலாம்… ஒவ்வொருவருக்கும் வேறுபடும். மெதுவாக ஓய்வு எடுத்துக்கொள்ளுங்க.",5.mp3,"அம்மா, குணமடைவதற்கு என்ன மாதிரி உதவி வேண்டும் என்று தெரிஞ்சுக்கலாமா?",recovery_time_trig_hi.mp3,miscarriage के बाद शरीर को normal होने में कितना समय लगता है?,"मम्मा, शरीर को ठीक होने में कुछ हफ्ते लग सकते हैं… हर किसी का recovery अलग होता है। खुद को थोड़ा समय और आराम दो 🤍",recovery_time_hi.mp3,"मम्मी, क्या recovery के लिए किसी मदद की जरूरत है?",recovery_time_trig_hi.mp3,miscarriage नंतर शरीर normal व्हायला किती वेळ लागतो?,"आई, शरीराला recover व्हायला काही आठवडे लागू शकतात… प्रत्येकाची recovery वेगळी असते. स्वतःला थोडा वेळ आणि आराम द्या 🤍",recovery_time_ma.mp3,"आई, recovery साठी काही help हवी आहे का?",recovery_time_trig_ma.mp3,miscarriage પછી શરીર ફરી normal થવામાં સામાન્ય રીતે કેટલો સમય લાગે?,"મા, શરીરને recover થવામાં થોડા અઠવાડિયા લાગી શકે છે… દરેકની recovery અલગ હોય છે. પોતાને થોડો સમય અને આરામ આપો 🤍","Ma, sharir ne recover thavama thoda athvadiya lagi shake chhe… darek ni recovery alag hoy chhe. Potane thodu samay ane aaram aapo 🤍",recovery_time_gu.mp3,"મમ્મી, recovery માટે કોઈ help જોઈએ છે?","Mummy, recovery mate koi help joie chhe?",recovery_time_trig_gu.mp3
recovery_cramps,Is it normal to have some pain or cramping after a miscarriage?,"mommy, yes… mild pain or cramping can be normal as your body heals. But if it becomes severe, please consult a doctor.",6.mp3,Is the pain mild or getting stronger?,6.mp3,சிறிது வலி அல்லது பிடிப்பு இருப்பது சாதாரணமா?,"அம்மா, ஆம்… லேசான வலி அல்லது பிடிப்பு சாதாரணம். ஆனா அது கடுமையாக இருந்தா டாக்டரை பார்க்கணும்.",6.mp3,"அம்மா, வலி லேசா இருக்கா இல்ல இன்னும் அதிகமாகுதா?",recovery_cramps_trig_hi.mp3,क्या miscarriage के बाद हल्का दर्द या cramping normal है?,"मम्मा, हाँ… शरीर heal होते समय हल्का pain या cramping हो सकता है। लेकिन अगर बहुत ज़्यादा हो, तो doctor से मिलो 🥺",recovery_cramps_hi.mp3,"मम्मी, दर्द हल्का है या बढ़ रहा है?",recovery_cramps_trig_hi.mp3,miscarriage नंतर हलका दुखणं किंवा cramping normal आहे का?,"आई, हो… शरीर heal होत असताना हलकं दुखणं किंवा cramping होऊ शकतं. पण खूप जास्त असेल तर doctor ना भेटा 🥺",recovery_cramps_ma.mp3,"आई, pain हलका आहे की वाढतोय?",recovery_cramps_trig_ma.mp3,થોડો દુખાવો કે cramp થવો normal છે?,"મા, હા… શરીર heal થતું હોય ત્યારે હળવો દુખાવો અથવા cramping થઈ શકે છે. પણ બહુ વધારે હોય તો doctorને મળો 🥺","Ma, ha… sharir heal thato hoy tyare halvo dukhavo athva cramping thai shake chhe. Pan bahu vadhu hoy to doctor ne maljo 🥺",recovery_cramps_gu.mp3,"મમ્મી, દુખાવો હળવો છે કે વધી રહ્યો છે?","Mummy, dukhavo halvo chhe ke vadhi rahyo chhe?",recovery_cramps_trig_gu.mp3
recovery_care,What are some gentle ways I can take care of myself during recovery?,"mommy, take rest, eat nourishing food, drink enough fluids, and talk to someone you trust. Be kind to yourself during this time.",7.mp3,Want a simple daily routine for recovery?,7.mp3,இந்த நேரத்தில் என்னை மெதுவாக எப்படி கவனித்துக்கொள்ளலாம்?,"அம்மா, நல்லா ஓய்வு எடுத்துக்கொள்ளுங்க, சத்தான உணவு சாப்பிடுங்க, தண்ணீர் குடிங்க, நம்பிக்கையுள்ள யாரிடமாவது பேசுங்க. உங்களை மெதுவாக கவனிச்சுக்கொள்ளுங்க.",7.mp3,"அம்மா, குணமடைவதற்கு ஒரு சிம்பிள் தினசரி ரோட்டீன் வேண்டுமா?",recovery_care_trig_hi.mp3,recovery के दौरान मैं अपना ध्यान कैसे रखूँ?,"मम्मा, आराम करो, अच्छा खाना खाओ, fluids पियो और किसी भरोसे वाले इंसान से बात करो। इस समय खुद के साथ नरमी से रहो 💕",recovery_care_hi.mp3,"मम्मी, क्या recovery के लिए simple daily routine चाहिए?",recovery_care_trig_hi.mp3,recovery दरम्यान स्वतःची काळजी कशी घ्यावी?,"आई, आराम करा, चांगलं खा, fluids प्या आणि विश्वासू व्यक्तीशी बोला. या काळात स्वतःशी प्रेमाने वागा 💕",recovery_care_ma.mp3,"आई, recovery साठी simple daily routine हवी का?",recovery_care_trig_ma.mp3,આ સમયે મારી કાળજી ધીમે કેવી રીતે રાખવી?,"મા, આરામ કરો, સારું ખાઓ, fluids પીવો અને કોઈ વિશ્વાસુ વ્યક્તિ સાથે વાત કરો. આ સમયે પોતાને પ્રેમથી રાખો 💕","Ma, aaram karo, saaru khao, fluids pivo ane koi vishvasu vyakti sathe vaat karo. Aa samay potane prem thi rakho 💕",recovery_care_gu.mp3,"મમ્મી, recovery માટે simple daily routine જોઈએ છે?","Mummy, recovery mate simple daily routine joie chhe?",recovery_care_trig_gu.mp3
pregnancy_again,When would it be safe to think about trying for pregnancy again?,"mommy, it’s usually advised to wait until your body and mind feel ready… and after talking to your doctor. Don’t rush.",8.mp3,Would you like to know signs that your body is ready?,8.mp3,மீண்டும் கர்ப்பம் முயற்சிக்க எப்போது பாதுகாப்பாக இருக்கும்?,"அம்மா, உடலும் மனமும் தயாராக இருக்கும் வரை காத்திருக்கணும்… டாக்டரிடம் ஆலோசனை எடுத்த பிறகு தான் முயற்சிக்கலாம். அவசரப்படாதீங்க.",8.mp3,"அம்மா, உடல் ரெடியா ஆகுறதைக் காட்டும் அறிகுறிகள் தெரிஞ்சுக்கலாமா?",pregnancy_again_trig_hi.mp3,दोबारा pregnancy try करना कब safe होगा?,"मम्मा, जब आपका शरीर और मन दोनों ready महसूस करें… और doctor से बात हो जाए, तब धीरे-धीरे सोच सकते हो। जल्दी मत करो 🤍",pregnancy_again_hi.mp3,"मम्मी, क्या शरीर के ready होने के signs जानने हैं?",pregnancy_again_trig_hi.mp3,पुन्हा pregnancy try करणं कधी safe असेल?,"आई, जेव्हा तुमचं शरीर आणि मन दोन्ही ready वाटतील… आणि doctor शी बोलणं होईल, तेव्हा हळूहळू विचार करू शकता. घाई करू नका 🤍",pregnancy_again_ma.mp3,"आई, body ready होत असल्याची signs जाणून घ्यायची आहेत का?",pregnancy_again_trig_ma.mp3,ફરીથી pregnancy try કરવું ક્યારે safe છે?,"મા, જ્યારે તમારું શરીર અને મન બંને ready લાગે… અને doctor સાથે વાત થઈ જાય, ત્યારે ધીમે ધીમે વિચાર કરી શકો. ઉતાવળ ન કરશો 🤍","Ma, jyare tamaru sharir ane man banne ready lage… ane doctor sathe vaat thai jai, tyare dhime dhime vichar kari shako. Utavali na karsho 🤍",pregnancy_again_gu.mp3,"મમ્મી, body ready થવાના signs જાણવા છે?","Mummy, body ready thavana signs jaanva chhe?",pregnancy_again_trig_gu.mp3
emotional_changes,Are emotional ups and downs normal after a miscarriage?,"mommy, yes… it’s completely normal to feel sad, confused, or overwhelmed. Your feelings are valid.",9.mp3,Do you want to talk about how you’re feeling?,9.mp3,மனதில் ஏற்ற இறக்கங்கள் வருவது சாதாரணமா?,"அம்மா, ஆம்… மனதில் ஏற்ற இறக்கங்கள் வருவது மிகவும் சாதாரணம். துக்கம், குழப்பம் எல்லாம் உணர்வது சரிதான்.",9.mp3,"அம்மா, இப்போ உங்கள் உணர்வுகளைப் பற்றி பேசலாமா?",emotional_changes_trig_hi.mp3,miscarriage के बाद emotions बदलना normal है?,"मम्मा, हाँ… उदासी, confusion या overwhelmed feel करना पूरी तरह normal है। आपकी feelings important हैं 🥺",emotional_changes_hi.mp3,"मम्मी, क्या तुम अपनी feelings के बारे में बात करना चाहती हो?",emotional_changes_trig_hi.mp3,miscarriage नंतर emotions बदलणं normal आहे का?,"आई, हो… दुःख, confusion किंवा overwhelmed वाटणं पूर्णपणे normal आहे. तुमच्या feelings महत्त्वाच्या आहेत 🥺",emotional_changes_ma.mp3,"आई, तुझ्या feelings बद्दल बोलायचं आहे का?",emotional_changes_trig_ma.mp3,મનના mood બદલાતા રહે એ normal છે?,"મા, હા… દુઃખ, confusion અથવા overwhelmed લાગવું સંપૂર્ણ રીતે normal છે. તમારી લાગણીઓ મહત્વની છે 🥺","Ma, ha… dukh, confusion athva overwhelmed lagvu sampurna rite normal chhe. Tamari laganio mahatvni chhe 🥺",emotional_changes_gu.mp3,"મમ્મી, તારી feelings વિશે વાત કરવી છે?","Mummy, tari feelings vishe vaat karvi chhe?",emotional_changes_trig_gu.mp3
weak_afterwards,Is it common to feel tired or weak for some time afterward?,"mommy, yes… your body has gone through a lot. Feeling tired or weak for some time is normal. Give yourself rest.",10.mp3,Are you able to rest well these days?,10.mp3,சில நாட்கள் சோர்வாக அல்லது பலவீனமாக உணர்வது சாதாரணமா?,"அம்மா, ஆம்… உங்க உடல் நிறைய மாற்றங்கள் பார்த்திருக்குது. சில நாட்கள் சோர்வா இருப்பது சாதாரணம். ஓய்வு எடுத்துக்கொள்ளுங்க.",10.mp3,"அம்மா, நீங்கள் நல்லா ஓய்வு எடுத்திருக்கீங்களா?",weak_afterwards_trig_hi.mp3,क्या कुछ समय तक थकान या कमजोरी महसूस होना normal है?,"मम्मा, हाँ… आपके शरीर ने बहुत कुछ सहा है। कुछ समय तक tired या weak feel होना normal है। थोड़ा आराम करो 💛",weak_afterwards_hi.mp3,"मम्मी, क्या तुम ठीक से rest ले पा रही हो?",weak_afterwards_trig_hi.mp3,काही दिवस थकवा किंवा कमजोरी जाणवणं normal आहे का?,"आई, हो… तुमच्या शरीराने खूप काही सहन केलं आहे. काही दिवस tired किंवा weak वाटणं normal आहे. थोडा आराम करा 💛",weak_afterwards_ma.mp3,"आई, तू नीट rest घेते आहेस का?",weak_afterwards_trig_ma.mp3,કેટલાક દિવસો થાક અથવા weakness લાગવી normal છે?,"મા, હા… તમારા શરીરે ઘણું સહન કર્યું છે. થોડા દિવસો થાક અથવા weakness લાગવું normal છે. થોડો આરામ કરો 💛","Ma, ha… tamara sharire ghanu sahen karyu chhe. Thoda divas thaak athva weakness lagvu normal chhe. Thodu aaram karo 💛",weak_afterwards_gu.mp3,"મમ્મી, તું સારી રીતે rest લઈ રહી છે?","Mummy, tu sari rite rest lai rahi chhe?",weak_afterwards_trig_gu.mp3
infection_signs,What signs might indicate an infection that I should watch out for?,"mommy, signs like fever, severe pain, bad-smelling discharge, or unusual bleeding can indicate infection. Please get checked quickly.",11.mp3,Are you noticing any of these signs?,11.mp3,எந்த அறிகுறிகள் தொற்று இருக்கலாம் என்று காட்டும் — எதை கவனிக்க வேண்டும்?,"அம்மா, காய்ச்சல், கடுமையான வலி, துர்நாற்றம் உள்ள வெளியேற்றம், அசாதாரண இரத்தப்போக்கு இருந்தா அது தொற்று அறிகுறி ஆகலாம். உடனே டாக்டரை பார்க்கணும்.",11.mp3,"அம்மா, இந்த அறிகுறிகள் ஏதாவது உங்களுக்கு தெரிகிறதா?",infection_signs_trig_hi.mp3,कौन से signs infection की तरफ इशारा कर सकते हैं?,"मम्मा, fever, severe pain, bad-smelling discharge या unusual bleeding infection के signs हो सकते हैं। जल्दी check करवाना ज़रूरी है 🩺",infection_signs_hi.mp3,"मम्मी, क्या ये signs तुम्हें दिख रहे हैं?",infection_signs_trig_hi.mp3,infection ची कोणती लक्षणं असू शकतात?,"आई, fever, severe pain, bad-smelling discharge किंवा unusual bleeding ही infection ची लक्षणं असू शकतात. लवकर check करणं गरजेचं आहे 🩺",infection_signs_ma.mp3,"आई, हे signs तुला दिसत आहेत का?",infection_signs_trig_ma.mp3,કયા લક્ષણોથી infection હોઈ શકે છે — શું ધ્યાન રાખવું?,"મા, fever, severe pain, bad-smelling discharge અથવા unusual bleeding એ infectionના લક્ષણ હોઈ શકે છે. વહેલું check કરાવવું જરૂરી છે 🩺","Ma, fever, severe pain, bad-smelling discharge athva unusual bleeding infection na lakshan hoi shake chhe. Vahelu check karavvu jaruri chhe 🩺",infection_signs_gu.mp3,"મમ્મી, આ signs તને દેખાય છે?","Mummy, aa signs tane dekhay chhe?",infection_signs_trig_gu.mp3
coping_stress,How can I slowly cope with feelings of sadness or stress during this time?,"mommy, take it one day at a time… talk to someone you trust, rest, and allow yourself to feel. Healing takes time.",12.mp3,Would you like a few simple ways to feel a little better each day?,12.mp3,இந்த நேரத்தில் மன அழுத்தம் அல்லது துக்கத்தை மெதுவாக எப்படி சமாளிக்கலாம்?,"அம்மா, ஒவ்வொரு நாளா மெதுவாக எடுத்துக்கொள்ளுங்க… நம்பிக்கையுள்ள யாரிடமாவது பேசுங்க, ஓய்வு எடுத்துக்கொள்ளுங்க, உங்க உணர்வுகளை அனுபவிக்க விடுங்க.",12.mp3,"அம்மா, தினமும் கொஞ்சம் கொஞ்சமா நல்லா feel பண்ண சிம்பிள் வழிகள் வேண்டுமா?",coping_stress_trig_hi.mp3,इस समय sadness या stress को धीरे-धीरे कैसे handle करूँ?,"मम्मा, एक-एक दिन करके आगे बढ़ो… किसी भरोसे वाले इंसान से बात करो और खुद को feel करने दो। Healing को समय लगता है 🤍",coping_stress_hi.mp3,"मम्मी, क्या हर दिन थोड़ा बेहतर feel करने के simple तरीके चाहिए?",coping_stress_trig_hi.mp3,या काळात sadness किंवा stress हळूहळू कसा handle करावा?,"आई, एक-एक दिवस करत पुढे जा… विश्वासू व्यक्तीशी बोला आणि स्वतःला feel करू द्या. Healing ला वेळ लागतो 🤍",coping_stress_ma.mp3,"आई, रोज थोडं थोडं better feel करण्यासाठी simple ways हव्यात का?",coping_stress_trig_ma.mp3,આ સમયે stress અથવા sadness કેવી રીતે manage કરવું?,"મા, એક-એક દિવસ આગળ વધો… વિશ્વાસુ વ્યક્તિ સાથે વાત કરો અને તમારી લાગણીઓને અનુભવવા દો. healingમાં સમય લાગે છે 🤍","Ma, ek-ek divas aagal vadho… vishvasu vyakti sathe vaat karo ane tamari laganio ne anubhavva do. Healing ma samay lage chhe 🤍",coping_stress_gu.mp3,"મમ્મી, રોજ થોડું થોડું better feel કરવા માટે simple ways જોઈએ છે?","Mummy, roj thodu thodu better feel karva mate simple ways joie chhe?",coping_stress_trig_gu.mp3
followup_tests,Will I need any follow-up tests to make sure everything is okay?,"mommy, sometimes doctors suggest follow-up check-ups to make sure your body is healing well. It’s a good step for your safety",13.mp3,Have you had a follow-up check yet?,13.mp3,எல்லாம் சரியாக இருக்கிறதா என்பதை உறுதிப்படுத்த மீண்டும் பரிசோதனை தேவையா?,"அம்மா, சில நேரம் டாக்டர்கள் மீண்டும் பரிசோதனை சொல்லலாம்… உடல் சரியாக ஆறுகிறதா பார்க்க. அது பாதுகாப்புக்கு நல்லது.",13.mp3,"அம்மா, பின்தொடர்பு பரிசோதனை செய்தீங்களா?",followup_tests_trig_hi.mp3,क्या मुझे follow-up tests की ज़रूरत पड़ सकती है?,"मम्मा, कभी-कभी doctors follow-up check-ups suggest करते हैं ताकि शरीर ठीक से heal हो रहा है या नहीं, ये देख सकें 💕",followup_tests_hi.mp3,"मम्मी, क्या follow-up check कर लिया है?",followup_tests_trig_hi.mp3,मला follow-up tests करावे लागतील का?,"आई, कधी कधी doctors follow-up check-ups सुचवतात, म्हणजे शरीर व्यवस्थित heal होतंय का ते पाहता येईल 💕",followup_tests_ma.mp3,"आई, follow-up check केलंस का?",followup_tests_trig_ma.mp3,બધું ઠીક છે કે નહીં એ ચેક કરવા ફરી test કરાવવું પડે?,"મા, ક્યારેક doctor follow-up check-ups સૂચવે છે, જેથી શરીર સારી રીતે heal થઈ રહ્યું છે કે નહીં તે જાણી શકાય 💕","Ma, kyarek doctor follow-up check-ups suchve chhe, jethi sharir sari rite heal thai rahyu chhe ke nahi ae janay 💕",followup_tests_gu.mp3,"મમ્મી, follow-up check કરાવ્યું છે?","Mummy, follow-up check karavyu chhe?",followup_tests_trig_gu.mp3
emotional_support,When would it be a good idea to reach out for emotional support or counseling?,"mommy, if you feel overwhelmed, very sad, or unable to cope… it’s okay to seek support anytime. You don’t have to go through this alone.",14.mp3,Would you like help finding someone to talk to?,14.mp3,"மனதளவில் உதவி தேவைப்பட்டால், எப்போது உதவி கேட்கலாம்?","அம்மா, ரொம்ப கஷ்டமா, துக்கமா அல்லது சமாளிக்க முடியல்னு தோன்றினா எப்போதும் உதவி கேட்கலாம். நீங்க இதை தனியா சமாளிக்க வேண்டியதில்லை.",14.mp3,"அம்மா, பேச உதவி செய்ய யாராவது வேண்டுமா?",emotional_support_trig_hi.mp3,emotional support या counseling कब लेना चाहिए?,"मम्मा, अगर बहुत ज़्यादा sadness, stress या अकेलापन महसूस हो… तो कभी भी support लेना ठीक है। आपको ये सब अकेले नहीं झेलना 🤍",emotional_support_hi.mp3,"मम्मी, क्या बात करने के लिए किसी की मदद चाहिए?",emotional_support_trig_hi.mp3,emotional support किंवा counseling कधी घ्यावी?,"आई, जर खूप sadness, stress किंवा एकटेपणा वाटत असेल… तर कधीही support घेणं ठीक आहे. हे सगळं तुम्हाला एकट्याने सहन करायचं नाही 🤍",emotional_support_ma.mp3,"आई, बोलायला कोणाची मदत हवी आहे का?",emotional_support_trig_ma.mp3,જો mental help જોઈએ તો ક્યારે લેવી જોઈએ?,"મા, જો બહુ sadness, stress અથવા એકલતા લાગે… તો મદદ લેવી હંમેશા ઠીક છે. આ બધું તમારે એકલા સહન કરવાનું નથી 🤍","Ma, jo bahu sadness, stress athva ekalta lage… to madad leva hamesha thik chhe. Aa badhu tamare ekla sahen karvanu nathi 🤍",emotional_support_gu.mp3,"મમ્મી, વાત કરવા માટે કોઈની help જોઈએ છે?","Mummy, vaat karva mate koi ni help joie chhe?",emotional_support_trig_gu.mp3
miscarriage_fear,I’m scared whether everything will be okay.,"Don’t be scared, mom, just follow the doctor’s advice and stay calm.",miscarriage_fear_en.mp3,"Mommy, is it normal to feel scared about whether everything will be okay during pregnancy?",miscarriage_fear_en.mp3,எல்லாம் சரியா இருக்கும் தானேனு பயமா இருக்கு.,"அம்மா, பயப்படாதீங்க... doctor advice follow பண்ணிட்டு calmஆ இருங்க ",miscarriage_fear_ta.mp3,"அம்மா, கர்ப்ப காலத்தில் இது சாதாரணமா என்று பயமாக இருக்கிறதா?",miscarriage_fear_trig_hi.mp3,मुझे डर लग रहा है कि सब ठीक होगा या नहीं।,"डरिए मत, माँ, बस डॉक्टर की सलाह मानिए और शांत रहिए।",miscarriage_fear_hi.mp3,"मम्मी, क्या pregnancy में ऐसा feel होना normal है कि सब ठीक होगा या नहीं?",miscarriage_fear_trig_hi.mp3,सगळं ठीक होईल का याची मला भीती वाटते.,"घाबरू नका, आई, फक्त डॉक्टरांचा सल्ला पाळा आणि शांत रहा.",miscarriage_fear_ma.mp3,"आई, pregnancy मध्ये असं वाटणं normal आहे का की सगळं ठीक होईल?",miscarriage_fear_trig_ma.mp3,મને ડર લાગે છે કે બધું બરાબર હશે ને?,"ઘબરાશો નહીં મા, ફક્ત doctorની સલાહ માનો અને શાંત રહો.","Ghabrasho nahi ma, fakt doctor ni salah mano ane shant raho.",miscarriage_fear_gu.mp3,"મમ્મી, pregnancy માં એવું લાગવું normal છે કે બધું ઠીક થશે?","Mummy, pregnancy ma evu lagvu normal chhe ke badhu thik thase?",miscarriage_fear_trig_gu.mp3
miscarriage_bleeding,There is a little spotting.,"You can tell the doctor immediately, mom, and get it checked.",miscarriage_bleeding_en.mp3,"Mommy, is this light spotting something I should tell the doctor about immediately?",miscarriage_bleeding_en.mp3,கொஞ்சம் spotting மாதிரி இருக்கு.,"அம்மா, doctor kitte உடனே சொல்லிட்டு check பண்ணிக்கலாம் ",miscarriage_bleeding_ta.mp3,"அம்மா, இந்த லைட் ஸ்பாட்டிங் பற்றி உடனே டாக்டரிடம் சொல்ல வேண்டுமா?",miscarriage_bleeding_trig_hi.mp3,थोड़ी स्पॉटिंग हो रही है।,"आप तुरंत डॉक्टर को बता सकती हैं, माँ, और जांच करवा सकती हैं।",miscarriage_bleeding_hi.mp3,"मम्मी, क्या ये light spotting डॉक्टर को तुरंत बतानी चाहिए?",miscarriage_bleeding_trig_hi.mp3,थोडे स्पॉटिंग होत आहे.,"तुम्ही लगेच डॉक्टरांना सांगा, आई, आणि तपासणी करून घ्या.",miscarriage_bleeding_ma.mp3,"आई, light spotting डॉक्टरला लगेच सांगायला हवं का?",miscarriage_bleeding_trig_ma.mp3,થોડું spotting જેવું થઈ રહ્યું છે.,તમે તરત doctorને કહો મા અને તપાસ કરાવો.,Tame tarat doctor ne kaho ma ane tapash karavo.,miscarriage_bleeding_gu.mp3,"મમ્મી, આ light spotting doctor ને તરત જણાવવું જોઈએ?","Mummy, aa light spotting doctor ne tarat janavvu joie?",miscarriage_bleeding_trig_gu.mp3
miscarriage_pain,I feel like there is pain in my lower abdomen.,"If there is pain, mom, take rest and ask for doctor’s advice.",miscarriage_pain_en.mp3,"Mommy, is lower abdominal pain something I should rest and get checked for?",miscarriage_pain_en.mp3,கீழ் வயிற்றுல வலிக்குற மாதிரி feel ஆகுது.,"அம்மா, pain இருந்தா rest எடுத்துட்டு doctor advice கேளுங்க ",miscarriage_pain_ta.mp3,"அம்மா, கீழ் வயிற்று வலி இருந்தால் ஓய்வு எடுத்து பரிசோதனை செய்ய வேண்டுமா?",miscarriage_pain_trig_hi.mp3,मुझे निचले पेट में दर्द जैसा महसूस हो रहा है।,"अगर दर्द हो रहा है, माँ, तो आराम करें और डॉक्टर की सलाह लें।",miscarriage_pain_hi.mp3,"मम्मी, क्या lower abdomen pain में rest लेकर check कराना चाहिए?",miscarriage_pain_trig_hi.mp3,खालच्या पोटात दुखत असल्यासारखे वाटते.,"दुखत असेल तर विश्रांती घ्या आणि डॉक्टरांचा सल्ला घ्या, आई.",miscarriage_pain_ma.mp3,"आई, lower abdomen pain असेल तर rest घेऊन check करायला हवं का?",miscarriage_pain_trig_ma.mp3,નીચે પેટમાં દુખાવો જેવું feel થાય છે.,દુખે તો આરામ કરો અને doctorની સલાહ લો મા.,Dukh se to aaram karo ane doctor ni salah lo ma.,miscarriage_pain_gu.mp3,"મમ્મી, lower abdomen pain હોય તો rest લઈને check કરાવવું જોઈએ?","Mummy, lower abdomen pain hoy to rest laine check karavvu joie?",miscarriage_pain_trig_gu.mp3
miscarriage_rest,Everyone is saying I need to be very careful.,"Taking good rest is helpful for your body, mom.",miscarriage_rest_en.mp3,"Mommy, should I be extra careful if everyone is advising me to take rest?",miscarriage_rest_en.mp3,ரொம்ப carefulஆ இருக்கணும்னு எல்லாரும் சொல்றாங்க.,"அம்மா, நல்லா rest எடுத்தா bodyக்கும் நல்லது ",miscarriage_rest_ta.mp3,"அம்மா, எல்லாரும் ரொம்ப கவனமாக இருக்கணும் என்று சொல்றாங்க, இன்னும் கவனம் வேண்டுமா?",miscarriage_rest_trig_hi.mp3,सब लोग कह रहे हैं कि मुझे बहुत सावधान रहना चाहिए।,"अच्छा आराम करना आपके शरीर के लिए फायदेमंद है, माँ।",miscarriage_rest_hi.mp3,"मम्मी, क्या सब लोग कह रहे हैं कि थोड़ा extra care रखना चाहिए?",miscarriage_rest_trig_hi.mp3,सगळे म्हणत आहेत की मला खूप काळजी घ्यावी लागेल.,"चांगली विश्रांती तुमच्या शरीरासाठी उपयुक्त आहे, आई.",miscarriage_rest_ma.mp3,"आई, सगळे म्हणत आहेत की थोडं extra care घ्यायला हवं, बरोबर का?",miscarriage_rest_trig_ma.mp3,બધા કહે છે બહુ ધ્યાન રાખવું પડશે.,સારો આરામ તમારા શરીર માટે લાભદાયી છે મા.,Saru aaram tamara sharir mate labhdayi chhe ma.,miscarriage_rest_gu.mp3,"મમ્મી, બધા કહે છે કે થોડી extra care લેવી જોઈએ, બરાબર?","Mummy, badha kahe chhe ke thodi extra care levi joie, barabar?",miscarriage_rest_trig_gu.mp3
miscarriage_tension,I get stressed even about small things.,"If stress reduces, mom, it’s good for both you and the baby.",miscarriage_tension_en.mp3,"Mommy, is feeling stressed over small things normal during pregnancy?",miscarriage_tension_en.mp3,சின்ன விஷயத்துக்கும் tensionஆ ஆகிடுறேன்.,"அம்மா, stress குறைஞ்சா உங்களுக்கும் babyக்கும் நல்லது ",miscarriage_tension_ta.mp3,"அம்மா, சின்ன சின்ன விஷயங்களுக்கும் ஸ்ட்ரெஸ் ஆகுறது சாதாரணமா?",miscarriage_tension_trig_hi.mp3,मैं छोटी-छोटी बातों पर भी तनाव में आ जाती हूँ।,"अगर तनाव कम होगा, माँ, तो यह आपके और बच्चे दोनों के लिए अच्छा है।",miscarriage_tension_hi.mp3,"मम्मी, क्या छोटी-छोटी बातों पर stress होना normal है?",miscarriage_tension_trig_hi.mp3,लहानसहान गोष्टींवरही मला ताण येतो.,"ताण कमी झाला तर ते तुमच्यासाठी आणि बाळासाठी चांगले आहे, आई.",miscarriage_tension_ma.mp3,"आई, छोट्या छोट्या गोष्टींवर stress येणं normal आहे का?",miscarriage_tension_trig_ma.mp3,નાની વાત પર પણ tension થઈ જાય છે.,તાણ ઓછો થશે તો તે તમારા અને બાળક બંને માટે સારું છે મા.,Taan ochho thase to te tamara ane balak banne mate saaru chhe ma.,miscarriage_tension_gu.mp3,"મમ્મી, નાની નાની વાતો પર stress આવવું normal છે?","Mummy, nani nani vaat par stress avvu normal chhe?",miscarriage_tension_trig_gu.mp3
miscarriage_sleep,I’m not able to sleep properly at night.,"If you rest calmly, mom, you may start feeling a bit better.",miscarriage_sleep_en.mp3,"Mommy, why am I not able to sleep properly at night?",miscarriage_sleep_en.mp3,ராத்திரி தூக்கம் சரியா வரல.,"அம்மா, calmஆ rest எடுத்தா கொஞ்சம் betterஆ feel ஆகலாம் ",miscarriage_sleep_ta.mp3,"அம்மா, இரவில் நல்ல தூக்கம் வரலையா?",miscarriage_sleep_trig_hi.mp3,मुझे रात में ठीक से नींद नहीं आती।,"अगर आप शांत रहकर आराम करेंगी, माँ, तो आपको थोड़ा बेहतर महसूस हो सकता है।",miscarriage_sleep_hi.mp3,"मम्मी, रात को ठीक से नींद क्यों नहीं आ रही?",miscarriage_sleep_trig_hi.mp3,मला रात्री नीट झोप येत नाही.,"शांतपणे विश्रांती घेतली तर तुम्हाला थोडे बरे वाटू शकते, आई.",miscarriage_sleep_ma.mp3,"आई, रात्री नीट झोप का लागत नाही?",miscarriage_sleep_trig_ma.mp3,રાત્રે ઊંઘ સારી નથી આવતી.,શાંત રીતે આરામ કરવાથી તમને થોડી રાહત મળી શકે છે મા.,Shant rite aaram karvathi tamne thodi rahat mali shake chhe ma.,miscarriage_sleep_gu.mp3,"મમ્મી, રાત્રે સારી ઊંઘ કેમ નથી આવતી?","Mummy, ratre sari ungh kem nathi aavti?",miscarriage_sleep_trig_gu.mp3
miscarriage_food,I feel like eating healthy food.,"Healthy food gives strength to your body, mom.",miscarriage_food_en.mp3,"Mommy, is wanting healthy food a good sign for my body right now?",miscarriage_food_en.mp3,healthyஆ சாப்பிடணும் போல தோணுது.,"அம்மா, healthy food bodyக்கு strength தரும் ",miscarriage_food_ta.mp3,"அம்மா, ஆரோக்கியமான உணவு ஆசை வருவது உடலுக்கு நல்ல அறிகுறியா?",miscarriage_food_trig_hi.mp3,मुझे हेल्दी खाना खाने का मन करता है।,"स्वस्थ भोजन आपके शरीर को ताकत देता है, माँ।",miscarriage_food_hi.mp3,"मम्मी, क्या healthy food खाने की इच्छा body के लिए अच्छा sign है?",miscarriage_food_trig_hi.mp3,मला हेल्दी अन्न खावेसे वाटते.,"आरोग्यदायी अन्न तुमच्या शरीराला ताकद देते, आई.",miscarriage_food_ma.mp3,"आई, healthy food खायची इच्छा body साठी चांगली sign आहे का?",miscarriage_food_trig_ma.mp3,હેલ્ધી ખાવાનું મન થાય છે.,સ્વસ્થ ખોરાક તમારા શરીરને શક્તિ આપે છે મા.,Swasth khorak tamara sharir ne shakti aape chhe ma.,miscarriage_food_gu.mp3,"મમ્મી, healthy food ખાવાની ઈચ્છા body માટે સારી sign છે?","Mummy, healthy food khavani ichha body mate sari sign chhe?",miscarriage_food_trig_gu.mp3
miscarriage_hope,I just hope everything goes well.,"Stay positive, mom… with good care, everything will be fine.",miscarriage_hope_en.mp3,"Mommy, will everything be okay if I just stay positive and take care?",miscarriage_hope_en.mp3,எல்லாம் நல்லபடியாக நடக்கணும் என்று நினைக்கிறேன்.,"அம்மா, positiveஆ இருங்க... நல்ல care எடுத்துக்கிட்டா நல்லதுதான் நடக்கும் ",miscarriage_hope_ta.mp3,"அம்மா, பாசிட்டிவா இருந்தா எல்லாம் சரியாகிடும் என்று நம்பலாமா?",miscarriage_hope_trig_hi.mp3,मैं बस चाहती हूँ कि सब कुछ अच्छे से हो जाए।,"सकारात्मक रहें, माँ… अच्छी देखभाल से सब ठीक होगा।",miscarriage_hope_hi.mp3,"मम्मी, क्या positive रहने से सब ठीक हो जाएगा?",miscarriage_hope_trig_hi.mp3,सगळं व्यवस्थित पार पडावं अशीच आशा आहे.,"सकारात्मक रहा, आई… चांगल्या काळजीने सर्व काही ठीक होईल.",miscarriage_hope_ma.mp3,"आई, positive राहिलं तर सगळं ठीक होईल का?",miscarriage_hope_trig_ma.mp3,હું બસ ઈચ્છું છું કે બધું સારું થઈ જાય.,સકારાત્મક રહો મા… સારી કાળજીથી બધું સારું થઈ જશે.,Sakaratmak raho ma… saari kadh thi badhu saaru thai jashe.,miscarriage_hope_gu.mp3,"મમ્મી, positive રહીએ તો બધું ઠીક થઈ જશે?","Mummy, positive rahie to badhu thik thai jashe?",miscarriage_hope_trig_gu.mp3